mid,genre
10575054,Comedy
328802,Drama
12800946,Drama
424757,Drama
6217672,Drama
9755608,Drama
4730990,Comedy
1173682,Drama
4760656,Drama
4663708,Crime
7897432,Action
13491872,Drama
5689610,Comedy
1726583,Drama
7166300,Drama
6219484,Crime
8390150,Drama
1515194,Drama
9731048,Crime
6209994,Comedy
8338870,Drama
6218814,Drama
6193572,Drama
96747,Drama
2290097,Drama
1330177,Drama
4908854,Drama
318268,Adventure
1639320,Drama
6213822,Drama
5460658,Drama
793469,Drama
11773286,Drama
106207,Drama
6273968,Adventure
1105323,Drama
171045,Comedy
379159,Drama
6210082,Drama
7870716,Crime
3090458,Drama
8147080,Comedy
279624,Drama
3095070,Comedy
5269918,Drama
3375556,Comedy
6389300,Comedy
136694,Comedy
6286072,Drama
343348,Drama
1933537,Drama
2100382,Crime
182675,Adventure
821752,Action
402751,Crime
9752488,Drama
225030,Drama
1104040,Family
6281266,Drama
2266657,Comedy
4712310,Drama
1112632,Comedy
318279,Biography
2083135,Drama
8756898,Comedy
65376,Comedy
428206,Drama
421567,Adventure
874846,Drama
1103200,Action
411085,Comedy
177511,Action
4923926,Comedy
6211520,Crime
5729830,Crime
1087553,Thriller
405652,Comedy
343356,Action
1664631,Drama
7525832,War
7704902,War
2638850,Comedy
6271990,Adventure
10307786,Drama
5836444,Drama
6273926,Crime
385501,Drama
1105325,Comedy
1090298,Adventure
4949010,Drama
60093,Drama
7555858,War
1949115,Adventure
5001328,Drama
2038245,Drama
3413358,Drama
9454842,Animation
2162864,Comedy
7901864,Drama
318289,Action
1111270,Action
11585790,Drama
411108,Comedy
1097210,Drama
1906327,Drama
4910708,Drama
3532890,Comedy
10846014,Drama
4865332,Drama
12094018,Drama
6193598,War
2691726,Crime
7100588,Drama
5994872,Drama
122948,Drama
5397226,Drama
5790588,Comedy
8377790,Drama
4726166,Drama
1091728,Drama
7901610,Drama
1408351,Drama
69727,Drama
421632,Adventure
3526500,Drama
6102028,Drama
830863,Drama
1933540,Drama
6471410,Comedy
249412,Drama
6694126,Comedy
423831,Comedy
384811,Drama
96833,Crime
404784,Comedy
402033,Drama
318312,Drama
5659250,Action
8473532,Drama
6224010,Comedy
3508112,Drama
793471,Drama
1843849,Comedy
1039914,Drama
1844628,Drama
3399154,Drama
400182,Comedy
3526472,Drama
1091730,Drama
6223016,Comedy
6208032,Drama
1107890,Drama
773747,Drama
1521861,Drama
2076799,Comedy
9899850,Crime
826034,Action
3421354,Drama
342062,Drama
71165,Comedy
841083,Drama
4418168,Crime
9403928,Drama
2358899,Drama
11772966,Drama
2388643,Adventure
343381,Adventure
838254,Comedy
1111874,Adventure
845426,Action
1291107,Fantasy
1630572,Comedy
5819870,Drama
7897086,Drama
7259986,Drama
405720,Comedy
4169580,Drama
12888274,Drama
1907617,Drama
997246,Drama
2168360,Comedy
6249970,Comedy
117056,Drama
1974212,Drama
1111908,Drama
3084132,Drama
106330,Drama
3582948,Drama
1413507,Drama
277588,Drama
7581124,Drama
6209534,Drama
3516160,Comedy
12247054,Comedy
6224560,Comedy
2211784,Comedy
3989482,Drama
417457,Adventure
6644234,Comedy
103746,Drama
395461,Drama
6258214,Adventure
5582984,Drama
495677,Drama
429626,Adventure
292945,Drama
299661,Drama
277592,Drama
118849,Drama
343392,Drama
8143764,Drama
209463,Drama
2089625,Drama
1933544,Action
7830580,Drama
5552924,Drama
112445,Drama
103760,Drama
1112637,Drama
10599028,Comedy
7162006,Drama
169580,Drama
777759,Drama
7224776,Crime
1107309,Crime
1933546,Drama
5784080,War
11773484,Drama
68252,Drama
9522162,Drama
953314,Crime
7464002,Action
5009970,Drama
168482,Drama
2266671,Drama
2690678,Animation
1914210,Drama
6208104,Drama
1954260,Drama
254169,Drama
233841,Drama
2388649,Drama
5463152,Comedy
5882860,Drama
4408178,Drama
2083144,Drama
2357790,Drama
2943186,Drama
5693128,Drama
4611766,Drama
13335484,Crime
1764191,Drama
490802,Action
292953,Action
215550,Drama
96894,Drama
2296044,Animation
88842,Drama
1086835,Drama
877591,Drama
821757,War
361340,Drama
1107892,Drama
8249404,Comedy
490803,Drama
343415,Drama
1094625,Crime
13569994,Action
5932722,Drama
2671400,Crime
7758748,Drama
2241035,Drama
3719208,Drama
9293926,Comedy
13712170,Drama
7897478,Action
1908460,Action
1303685,Drama
926040,Drama
1313230,Drama
8577760,Drama
6162560,Comedy
2735362,Drama
4131210,Drama
8166164,Comedy
415607,Drama
243218,Drama
383914,Action
12093996,Drama
5390280,Drama
1139574,Family
3212802,Drama
317137,Drama
12093990,Animation
319045,Drama
2269022,Drama
2671744,Drama
6326558,Crime
11777304,Drama
1843112,Drama
1997291,Drama
2381107,Adventure
2265175,Crime
6045714,Crime
874866,Drama
92651,Drama
2385017,Adventure
470958,Drama
5657546,Drama
6217868,Drama
2127262,Drama
292968,Drama
3726166,Drama
8919218,Drama
2551076,Comedy
400228,Drama
13344348,Drama
1431223,Drama
6302342,Drama
68277,Drama
4359244,Drama
2371281,Action
5460508,Action
2077716,Drama
1086839,Drama
10912640,Drama
12993094,Drama
381060,Drama
383933,Action
7915554,Drama
78893,Drama
433901,Adventure
11773648,Drama
495681,Comedy
1112651,Drama
2998456,Drama
939840,Comedy
234899,Drama
343502,Drama
1086840,Action
112562,Drama
3403142,Drama
262774,Drama
115730,Drama
6215352,Drama
1091746,Drama
9266204,Comedy
1104048,Drama
439477,Drama
1853517,Drama
1094627,Drama
4532606,Drama
11767484,Drama
436151,Drama
1926992,Drama
990425,Drama
477585,Drama
6037320,Adventure
1283889,Drama
77296,Action
12792594,Crime
293023,Comedy
4578920,Comedy
10488882,Comedy
7762434,Comedy
1933552,Comedy
1160709,Action
319162,Drama
6215438,Crime
845439,Drama
1111292,Comedy
4944924,Drama
103937,Drama
1500693,Drama
343526,Comedy
6639882,Comedy
922379,Comedy
3516158,Drama
855752,Drama
907632,Comedy
243171,Comedy
5797570,Crime
2265205,Biography
2234011,Drama
1641614,Drama
1891767,Drama
384875,Drama
3526538,Biography
1106754,Comedy
3470918,Comedy
2499148,Comedy
2258664,Drama
1925408,Drama
5377400,Crime
1438171,Drama
2161896,Drama
12252336,Action
1914226,Action
383983,Drama
429766,Drama
206631,Drama
404875,Adventure
285178,Drama
1683042,Drama
7719186,Adventure
1343028,Drama
336164,Drama
5821276,Comedy
11773204,Comedy
1684628,Drama
3507794,Adventure
3667264,Drama
5906834,Drama
12094024,Comedy
9899880,Comedy
441611,Comedy
6224580,Comedy
6281320,Crime
3716078,Crime
10987040,Crime
13387200,Crime
168682,Drama
1090310,Crime
1086846,Action
433957,Adventure
301978,Drama
7271236,War
259265,Drama
5376718,Action
477607,Drama
99352,Action
1112666,Drama
376554,Drama
283303,Drama
2669634,Drama
72843,Drama
5791288,Comedy
9056646,Drama
4108894,Drama
77398,Drama
122450,Drama
1328613,Drama
1998202,Comedy
4634290,Drama
3269074,Drama
2417530,Drama
1360860,Drama
4242682,Drama
5224720,Drama
9642950,Drama
6217724,Drama
313747,Drama
6243086,Drama
10385482,Drama
66968,Drama
12792588,Drama
293076,Drama
6940740,Action
2912144,Drama
6744318,Drama
419675,Drama
5775176,Drama
92833,Drama
1934227,Crime
2186858,Drama
88992,Drama
1291182,Comedy
6209540,Drama
1629248,Drama
255094,Drama
4359278,War
77403,Drama
1170393,Comedy
6607602,Adventure
11591652,Drama
99392,Drama
431017,Drama
3059786,Drama
125718,Drama
961046,Action
2392355,Drama
793499,Comedy
293082,Drama
6220056,Drama
2351576,Comedy
411276,Crime
1826650,Drama
3820086,Drama
2914020,Comedy
3131744,Action
187809,Drama
5842802,Adventure
317342,Drama
129872,Drama
377772,Drama
8346906,Comedy
11158436,Drama
1116752,Drama
9899860,Drama
7376410,Drama
1907657,Drama
5687444,Drama
104106,Comedy
7164066,Drama
449558,Drama
819880,Drama
1933565,Action
1313108,Drama
5810204,Comedy
259981,Drama
8249374,Drama
87155,Drama
7226698,Comedy
939858,Comedy
2385059,Crime
149302,Drama
212573,Drama
13052070,Drama
1513755,Drama
5483082,Drama
7881364,Comedy
1933566,Drama
757920,Comedy
343600,Drama
3350994,Drama
2325643,Comedy
361527,Drama
424048,Adventure
370473,Drama
233798,Drama
1091763,Drama
411296,Drama
1363365,Thriller
821765,Drama
3547106,Drama
5766064,Comedy
364310,Comedy
1111311,Drama
7678492,Comedy
7825586,Comedy
384050,Drama
4704766,Drama
5389860,Action
4917384,Drama
319314,Comedy
5389740,Adventure
8589358,Comedy
11954824,Drama
389943,Romance
13096500,Drama
12171216,Comedy
5706802,Drama
4916176,Comedy
123046,Adventure
961048,Drama
1111892,Comedy
293111,Action
4498818,Comedy
8037650,Drama
5897312,Crime
7897052,History
401394,Action
6207962,Drama
7941920,Drama
1822212,Comedy
428481,Comedy
8386652,Drama
6393518,Comedy
1924254,Action
9294994,Crime
121973,Comedy
11968836,Drama
99492,Comedy
5463378,Drama
1388418,Action
1431240,Action
2246675,Drama
5468178,Action
8000708,Drama
3509796,Drama
1111894,Drama
333399,Drama
6151774,Drama
6203694,Drama
2040342,Drama
7967752,Drama
428495,Drama
6224632,Drama
5650614,Comedy
6211490,Drama
3785708,Drama
309565,Action
12921354,Romance
1107331,Action
2268437,Drama
284090,Drama
293128,Drama
8374200,Comedy
432400,Adventure
87218,Drama
3414274,Action
3784684,Drama
4079782,Drama
5355896,Drama
270348,Crime
12662544,Drama
4620346,Drama
3138188,Comedy
11771036,Drama
416729,Comedy
6644280,Comedy
5939272,Comedy
945553,Comedy
2265293,Crime
6240914,Comedy
405908,Romance
11531238,Comedy
122060,Action
319400,Drama
877617,Drama
333437,Comedy
404035,Drama
4818952,Drama
4849528,Comedy
1786476,Drama
821772,Action
317477,Drama
939863,Adventure
949524,Adventure
1091766,Crime
319401,Drama
3178120,Drama
1849765,Biography
1431243,Drama
2186916,Drama
5781386,Drama
125099,Comedy
1794787,Drama
398881,Action
319403,Action
10233502,Drama
7562038,Drama
406768,Adventure
416736,Drama
470759,Romance
5704476,Adventure
6217748,Drama
5287920,Crime
4247046,Comedy
370568,Documentary
2816152,Action
1733133,Drama
5079110,Drama
2612248,Crime
5186714,Drama
2290345,Drama
1483373,Drama
64356,Drama
116384,Drama
386478,Drama
364361,Comedy
5217152,Drama
5907728,Drama
2186852,Action
434044,Comedy
1107907,Action
2389120,Comedy
6211538,Comedy
3342328,Drama
364365,Drama
74565,Drama
821777,Drama
293173,Drama
452017,Drama
1715780,Drama
783719,Drama
793519,Crime
1292701,Comedy
3032780,Drama
2381193,Crime
1116774,Action
7985654,Action
134671,Drama
438056,Drama
5377360,Drama
877628,Drama
285139,Drama
319450,Drama
2671388,War
71549,Drama
6292924,Adventure
9817044,Drama
6278960,Adventure
6205538,Drama
9750864,Drama
6068184,Drama
338060,Drama
5888276,Action
9292266,Crime
73041,Drama
370590,Drama
64368,Crime
6393532,Comedy
785000,Crime
3532916,Drama
2008523,Drama
3526482,Drama
343715,Drama
1893243,Drama
197373,Drama
8037658,Drama
70105,Drama
1134580,Drama
3511928,Crime
1111902,Biography
9870726,Biography
4224072,Action
1933585,Drama
450428,Drama
6298634,Drama
3586582,Animation
1797391,Drama
5423636,Drama
6218740,Drama
4501084,Biography
762100,Comedy
780032,Action
498802,Drama
1949544,Drama
9643092,Drama
9354450,Drama
1948564,Action
122091,Drama
780033,Adventure
343732,Drama
7606902,Crime
11388224,Comedy
317226,Drama
1111335,Drama
2186782,Drama
4082364,Drama
780035,Adventure
11732158,Adventure
9297754,Drama
1091775,Adventure
414059,Drama
101966,Drama
4247084,Adventure
5217198,Adventure
76098,Drama
123094,Drama
6257502,Adventure
758731,Drama
97453,Comedy
5077878,Comedy
470781,Drama
2382915,Action
1125808,Drama
13331332,Documentary
12859372,Comedy
4359260,Drama
7383548,Action
1899199,Drama
6211418,Drama
343755,Drama
495707,Drama
12993044,Drama
9214764,Drama
411082,Comedy
84044,Biography
1111905,Comedy
5994868,Crime
3673954,Drama
1104068,War
4487240,Drama
1431246,Comedy
7456220,Drama
7326430,Drama
821780,Action
1320262,Drama
99729,Drama
3488418,Action
1104069,Drama
109981,Drama
1509126,Comedy
1576399,Horror
6227164,Drama
6173368,Drama
65817,Adventure
319488,Drama
317633,Drama
343768,Drama
1091777,Action
6068266,Drama
11393360,Drama
8116612,Drama
10713448,Drama
2356894,Drama
2265341,Drama
1896755,Comedy
490965,Drama
80848,Drama
2081259,Drama
826076,Drama
319492,Adventure
1504398,Drama
6281230,Drama
7646430,Drama
5755594,Comedy
5512702,Comedy
5008236,Drama
7904074,Drama
293226,Drama
8870036,Drama
6221930,Drama
2162916,Drama
821783,Comedy
5390056,Biography
7900486,Drama
1720942,Drama
8702938,Comedy
1844678,Comedy
2669832,Crime
8866866,Comedy
7935018,Drama
6244898,Drama
345399,Romance
2440036,Drama
1102232,Drama
439612,Crime
11328896,Comedy
1107909,Crime
7383568,Drama
107134,Comedy
426027,War
1116783,Adventure
6217648,Drama
978609,Drama
2670642,Comedy
3724978,Drama
3967508,Comedy
5568330,Comedy
1998244,Drama
11773696,Drama
391233,Adventure
2121774,Adventure
5169678,Comedy
6218768,Drama
6215428,Drama
4731046,Drama
2772276,Drama
3531558,Horror
1874522,Drama
1431252,Drama
7791926,Comedy
6215368,Crime
4532596,Comedy
206833,Drama
9414954,Drama
470819,Comedy
6218794,Drama
1111351,War
5463172,Action
333645,Drama
9403944,Drama
6215376,Drama
6879318,Comedy
3399118,Crime
1112700,Adventure
293289,Biography
7901824,Drama
6213802,Drama
91086,Drama
122553,Comedy
5371616,Drama
11766802,Comedy
428697,Drama
965502,Action
319587,Drama
4942400,Drama
13109880,Drama
4293654,Drama
495714,Action
13569626,Drama
13423436,Family
9784048,Drama
2256706,Action
343853,Action
6321224,Adventure
978619,Comedy
7901572,Drama
384227,Drama
11170986,Drama
6228672,Drama
1087592,Drama
2268481,Drama
472113,Drama
4532684,Drama
792977,Crime
107268,Comedy
1832382,Drama
1914285,Adventure
311846,Drama
965196,Comedy
1724554,Crime
2892230,Drama
319627,Drama
780052,Comedy
783833,Drama
317794,Drama
2426476,Drama
10026380,Biography
6281138,Adventure
116738,Adventure
1107915,Drama
312858,Drama
74732,Drama
2671764,Comedy
6271956,Adventure
5331184,Comedy
3541028,Crime
5065166,Comedy
87530,Biography
7901786,Drama
1954574,Drama
319640,Drama
826089,Action
1091793,Drama
1514418,Crime
11497444,Crime
7967312,Drama
499335,Comedy
1155678,Drama
2613288,Crime
7521948,Drama
97649,Action
1426378,Drama
2390269,Family
8106708,Comedy
441876,Action
371772,Drama
11142578,Drama
1982734,Comedy
9357044,Drama
93341,Drama
10578092,Comedy
1509132,Drama
1417101,Comedy
2007409,Crime
6251080,Drama
2359103,Horror
319683,Comedy
423868,Comedy
3589726,Drama
498813,Drama
2893716,Drama
319684,Comedy
6486630,Crime
926208,Drama
68800,Drama
1431261,Drama
1847622,Action
1933599,Action
154728,Drama
6218712,Drama
962572,Drama
498814,Drama
9899840,Adventure
8042526,Adventure
366671,Drama
6193812,Drama
830914,Comedy
85786,Thriller
939885,Comedy
93342,Drama
107312,Drama
319685,Drama
1112707,Comedy
319686,Comedy
5111754,Drama
2162892,Drama
1794829,Drama
3744092,Drama
1107916,Drama
95439,Comedy
6237562,Comedy
5468300,Drama
6162488,Adventure
2388691,Adventure
125817,Comedy
1086863,Comedy
1284579,Drama
3994998,Drama
5379390,Adventure
1910566,Adventure
826091,Action
297117,Drama
317822,Drama
483703,Drama
7901384,Comedy
1972688,Drama
122130,Drama
2669686,Crime
3985970,Drama
12100536,Comedy
1107917,Drama
67300,Crime
4242842,Drama
104606,Drama
6211580,Action
12856524,Action
855860,Drama
11120670,Drama
378188,Crime
10059220,Drama
6402526,Comedy
11767722,Drama
6244938,Drama
5379410,Drama
432414,Comedy
1111915,Comedy
7881284,Comedy
158707,Crime
2266771,Comedy
113547,Drama
6873494,Drama
116779,Drama
2244949,Drama
4634272,Adventure
1111358,Animation
780061,Adventure
11513874,Comedy
5685004,Comedy
5819240,Drama
2268489,Drama
382785,Drama
867342,Action
1844701,Drama
1933602,Drama
1112711,Crime
12758660,Crime
2794862,Drama
266705,Drama
7527876,Drama
5897428,Drama
9849402,Drama
806668,Documentary
194087,Drama
6209672,Drama
11576058,Crime
7704884,Action
3719198,Drama
9115558,Documentary
123148,Drama
5463510,Action
2617600,Drama
4386296,Comedy
319731,Crime
12993206,Drama
10976326,Comedy
2404461,Drama
7692968,Drama
9145448,Drama
74782,Drama
116851,Drama
116852,Adventure
6776462,Drama
315264,Drama
2716012,Drama
333788,Romance
319742,Drama
7350876,Drama
3673948,Drama
7432330,Drama
6278226,Drama
4291166,Drama
8798112,Comedy
2265421,Drama
7634654,Comedy
1764466,Comedy
7897348,Drama
6841602,Drama
4253460,Comedy
4856674,Drama
2760020,Drama
470852,Drama
7907808,Crime
6258220,Comedy
102369,Drama
342722,Drama
1935171,Drama
3719158,Drama
123160,Drama
978638,Comedy
1687248,Adventure
7901798,Crime
1104084,Drama
7175328,Fantasy
123990,Drama
3257072,Drama
3488404,Drama
877349,Drama
7901840,Drama
6224508,Drama
9816970,Action
6229252,Action
793549,Drama
1431278,Drama
134808,Drama
6047852,Drama
6217706,Drama
182881,Adventure
1104085,Comedy
4246742,Comedy
4532888,Comedy
10545476,Comedy
2161962,Crime
5339894,Comedy
293388,Drama
7156464,Comedy
329347,Drama
6254280,Adventure
7156530,Drama
7449142,Drama
1933611,Comedy
250655,Drama
934512,Drama
7383598,Drama
1431279,Comedy
6284558,Drama
5857780,Drama
780074,Mystery
4532708,Drama
978640,Comedy
381406,Drama
1118595,Drama
84304,Drama
2085866,Drama
6217766,Drama
1849814,Drama
416960,Comedy
77913,Drama
370938,Drama
1116799,Action
6222362,Drama
196740,Drama
4253466,Drama
426102,Adventure
9755660,Comedy
319831,Drama
4892962,Drama
1105368,Drama
780076,Comedy
11591834,Drama
5352912,Drama
1113809,Drama
5999174,Drama
6189264,Adventure
1105369,Biography
6396378,Comedy
405149,Comedy
1094263,Drama
12525588,Drama
3395294,Drama
177921,Drama
319843,Drama
1933612,Comedy
5797456,Drama
3520564,Drama
810424,Adventure
3719550,Comedy
188054,Drama
5938508,Adventure
9817070,Action
3234130,Drama
2895764,Drama
6268924,Adventure
4359268,Drama
344065,Crime
6137186,Comedy
1113810,Drama
6261448,Comedy
1291131,Drama
943457,Biography
8347878,Crime
2278008,Drama
7563886,Animation
2265439,War
206947,Adventure
194169,Drama
364525,Drama
1511433,Drama
1094265,Drama
319876,Comedy
3921314,Biography
8037662,Drama
5007906,Drama
309867,Drama
355777,Comedy
5007772,Drama
1105370,Drama
1847648,Drama
442818,Drama
1706450,Action
7802790,Comedy
3500130,Drama
169574,Drama
432959,Biography
822003,Adventure
2387535,Comedy
1111377,Drama
9073702,Drama
11773588,Drama
1102276,Drama
7901408,Comedy
104919,Drama
978648,Drama
134828,Drama
342795,Action
12094002,Action
71859,Drama
1118598,Comedy
6136576,Comedy
293865,Drama
6208138,Drama
1109494,Drama
11296132,Comedy
5737204,Drama
5300476,Drama
499348,Drama
1933623,Adventure
122178,Comedy
384356,Drama
6291462,Comedy
4242596,Comedy
344083,Drama
9839040,Action
12229534,Family
1368864,Drama
2612226,Drama
2168420,Adventure
11709296,Drama
2251482,Comedy
6272704,Drama
1104098,Crime
364537,Drama
9741442,Drama
1102282,Drama
397560,Drama
4636046,Drama
280198,Drama
6068388,Drama
5373814,Drama
122186,Crime
333978,Drama
11647154,Drama
109334,Drama
1909808,Comedy
125429,Drama
97955,Drama
381443,Comedy
9355162,Comedy
2149053,Comedy
6256998,Biography
104972,Drama
1907730,History
780100,Drama
104974,Comedy
8107972,Drama
122188,Drama
122189,Drama
6215588,Action
3510520,Drama
6693930,Drama
806134,Drama
7897202,Drama
1151370,War
100234,Biography
5904256,Drama
2795122,Comedy
1371637,Drama
4080008,Drama
1910586,War
134844,Drama
1291643,Drama
277925,Drama
5796478,Drama
5244886,Comedy
847050,Comedy
11278342,Drama
6207878,Drama
11349332,Adventure
100267,Drama
7145012,Thriller
1107933,Adventure
6215590,Drama
489788,Comedy
5837342,Family
403359,Drama
10354764,Drama
117214,Comedy
336939,Comedy
5216604,Drama
3402834,Drama
5857788,War
1118605,Drama
2671420,Comedy
499537,Comedy
1899260,War
4242666,Biography
943465,Action
7390078,Drama
10908138,Action
2168636,Adventure
1756659,Drama
2328709,Drama
7897468,Drama
5764368,Drama
90781,Comedy
1431296,Drama
7111402,Comedy
6136650,Action
7880834,Comedy
1083986,Drama
3257494,Crime
1298590,Drama
6209808,Drama
6173330,Adventure
9770208,Comedy
4505116,Drama
284966,Drama
122204,Drama
1727528,Crime
7897212,Drama
1910594,Drama
6819126,Comedy
344186,Family
95822,Drama
428944,Drama
193373,Crime
2626926,Drama
114092,Drama
4708408,Comedy
4471280,Drama
2349608,Drama
9643058,Drama
5994866,Comedy
4198200,Fantasy
1964988,Drama
1857819,Drama
399510,Fantasy
1105375,Drama
846058,Drama
3297250,Drama
1102299,Action
1112735,Drama
1002457,Drama
1935196,Mystery
2426498,Drama
7271454,War
821801,Action
2362062,Crime
1646220,History
5704502,Comedy
2265489,Action
9303040,Drama
2058671,Drama
11142622,Comedy
11671996,Fantasy
2671406,Romance
934543,War
1151385,Drama
2245049,Comedy
117315,Drama
5331142,Drama
2161980,Drama
9575206,Drama
12624668,Drama
6393234,Comedy
2673126,Comedy
4253474,Drama
6302146,Drama
11027072,Comedy
11809064,Drama
11709306,Comedy
6644190,Comedy
5228172,Crime
1111938,Drama
6218776,Crime
1911615,Comedy
4242530,Comedy
1505381,Drama
4493272,Drama
11773814,Drama
2186902,Drama
2385179,Adventure
6275112,Drama
6369738,Drama
66233,Drama
1439563,Drama
4676508,Animation
3212670,Drama
11773160,Drama
249900,Comedy
434296,Action
4052298,Drama
7762424,Drama
277975,Drama
1922691,Drama
5141848,Action
953564,Drama
282885,Action
3990782,Comedy
845527,Crime
2385185,Action
6389290,Comedy
5742306,Drama
6209470,Drama
67649,Comedy
320337,Comedy
374153,Drama
9214720,Drama
2161944,History
10196142,Comedy
3531586,Reality-TV
191043,Drama
344256,Adventure
3531496,Drama
479147,Crime
1142421,Mystery
1097261,Drama
337081,Drama
290823,Comedy
6393474,Adventure
320350,Comedy
1925494,Horror
2161934,Comedy
3416480,Drama
3507558,Comedy
6218760,Drama
3310280,Drama
6661850,Crime
7241928,Comedy
8318376,Drama
114278,Drama
8448554,Drama
499366,Adventure
318028,Crime
6704346,Action
5471272,Drama
4532764,Drama
877702,Drama
9094134,Drama
7476182,Drama
5704874,Thriller
220363,Drama
9210424,Drama
3182326,Drama
148234,Comedy
875003,Comedy
1151393,Crime
9005376,Drama
6761414,Action
5268788,Comedy
260332,Comedy
7897124,Drama
381552,Drama
6136616,Comedy
2358992,Drama
382949,Drama
3962214,Drama
1105380,Drama
978695,Comedy
2266819,Drama
114310,Drama
344283,Crime
11616216,Crime
114312,Adventure
1068664,Action
2465646,Drama
2083320,Drama
6217564,Comedy
413222,Drama
6207956,Drama
69206,Crime
111053,Drama
780131,War
1104118,Comedy
283431,Biography
79841,Drama
254744,Adventure
1111404,War
821803,History
1087643,Drama
278006,Drama
423110,Adventure
495753,Drama
1921078,Comedy
399517,War
6217112,Drama
438388,Drama
78196,Crime
450126,Crime
7520478,Crime
6834432,Adventure
4780818,Drama
6173830,Drama
10059236,Drama
2266823,Biography
1091840,Drama
72111,Comedy
70626,Comedy
1112742,Comedy
76656,Comedy
821806,Comedy
73651,Comedy
67703,Comedy
67704,Comedy
69213,Comedy
11588714,Action
254749,Drama
2111404,Drama
1908556,Crime
2089789,Comedy
385277,Drama
3403120,Drama
2338207,Drama
6279062,Biography
111072,Drama
6213794,Drama
808458,Drama
6254264,Crime
12443980,Drama
1104120,Drama
385213,Drama
2265535,Action
6171324,History
943481,Biography
498249,Adventure
10810730,Drama
434324,Horror
7899844,Drama
7901882,Drama
69224,Action
821808,Action
1091842,Crime
1087646,Crime
4242732,Drama
2416560,Horror
1933642,Drama
1112744,War
6209662,Drama
320423,Drama
72117,Drama
122240,Comedy
13607976,Drama
3127636,Comedy
5994870,Adventure
7762444,Comedy
5898098,Drama
1111406,Comedy
8269552,Drama
1116824,Comedy
320430,Drama
1091668,Drama
5361684,Drama
1911623,Crime
3963150,Drama
4966418,Action
2085917,Drama
1107949,Adventure
183752,Biography
1876436,Action
75192,Drama
1935223,Drama
404415,Drama
1640700,Drama
1900971,Drama
11102282,Drama
816176,Comedy
379497,Drama
1900973,Drama
6217848,Drama
2117958,Drama
1118627,Drama
793572,Horror
1094656,Drama
6218678,War
293588,Comedy
320449,Comedy
5836536,Drama
2967000,Drama
149071,Drama
5390400,Drama
7762454,Comedy
5177940,Drama
1431314,Drama
311583,Comedy
877708,Crime
102892,Drama
423166,Drama
9817018,Crime
5793930,Crime
6266552,Comedy
486911,Drama
11031792,Crime
3919592,Drama
344321,Drama
254769,Adventure
424434,Drama
1155729,Adventure
5657514,Comedy
433638,Drama
320452,Adventure
6227144,Drama
1087649,Musical
7686414,Drama
2266829,Action
978709,Drama
2338231,Comedy
318069,Drama
96092,Drama
72151,Biography
1919064,Drama
1105384,Adventure
434338,Comedy
6038598,Drama
1155730,Drama
1190072,Drama
399655,Comedy
1933645,Drama
268634,Drama
11697844,Action
5179252,Drama
793574,Crime
867426,Drama
6389336,Comedy
122708,Drama
2504402,Family
2198774,Comedy
96097,Drama
2301153,Drama
1284587,Drama
176136,Drama
142843,Drama
11417018,Comedy
923719,Drama
293594,Comedy
6219974,Drama
8967900,Drama
7881990,Drama
2162870,Thriller
5479700,Drama
1105387,Drama
207106,Drama
156901,Drama
1291142,Crime
468871,Drama
6188958,Drama
2266835,Drama
1134646,Drama
7550566,Comedy
2301165,Comedy
4080028,Drama
1849858,Drama
7512566,Drama
11770890,Drama
9034180,Comedy
4089238,Comedy
1935232,Drama
1105388,Action
2268557,Drama
1331008,Drama
326179,Drama
2404636,Comedy
5390266,Drama
1105389,Drama
379511,Drama
152438,Drama
344352,Crime
293608,Drama
7563924,Drama
10888684,Drama
7897316,Drama
7827022,Thriller
1855282,Drama
409344,Comedy
78299,Drama
6275138,Drama
96141,Action
8522820,Drama
320504,Biography
12178152,Drama
2085927,Drama
7893350,Comedy
3696808,Comedy
4163264,Comedy
5658296,Comedy
6215338,Crime
8320048,Family
290298,Drama
158246,Action
9173924,Drama
1431326,Drama
8027868,Comedy
13250016,Drama
6257386,Crime
8030918,Adventure
120265,Drama
1087655,Action
2500526,Crime
3676026,Comedy
6213850,Drama
5817498,Drama
72248,Drama
464691,Drama
4938858,Drama
2451640,Drama
70766,Drama
1094280,Action
1111954,Drama
6227150,Drama
348171,Adventure
3209260,Drama
1094281,Drama
4424330,Drama
976176,Drama
793585,Comedy
260413,Biography
246266,Drama
2212824,Drama
1804642,Drama
415305,Drama
371280,Crime
7335748,Drama
265843,Comedy
9816988,Drama
1091856,Drama
6570972,Drama
5838502,Drama
793586,Crime
3719560,Comedy
5244918,Drama
293630,Adventure
7897306,Action
70773,Crime
9630874,Crime
72254,Drama
1431332,Drama
7213368,Comedy
91545,Drama
344426,Action
12993100,Drama
1226307,Comedy
426254,Drama
1371723,Drama
423320,Drama
316729,Drama
11268596,Comedy
1856748,Comedy
2281483,Drama
1948629,Crime
178055,Drama
1091857,Drama
4359416,Comedy
262213,Drama
79997,Drama
8149800,Drama
3422716,Animation
398362,Drama
4955970,Crime
1667121,Drama
8152750,Drama
1499937,Drama
344435,Drama
2266849,Drama
96242,Horror
310212,Drama
8377736,Action
11027104,Comedy
2083354,Action
11222962,Drama
4008544,Drama
5200822,Drama
9764972,Drama
11555166,Drama
5838908,Drama
5192374,Drama
6355328,Animation
2258651,Drama
7908498,Comedy
10592390,Comedy
2339707,Action
8117974,Comedy
7329128,Action
63137,Action
7897186,Comedy
4773054,Animation
2627798,Drama
1508694,Drama
1798276,Action
253249,Comedy
1930420,Drama
3757216,Drama
5216606,Drama
8102806,Horror
6886734,Action
2848876,Drama
6282694,War
2420018,Crime
2247053,Drama
7429708,Comedy
5966242,Drama
3898912,Drama
4246774,Comedy
2548096,Action
11771204,Drama
7563890,Adventure
6206820,Drama
10488892,Adventure
7380834,Drama
7422294,Drama
7127956,Drama
4247138,Drama
1870555,Drama
5955756,Action
11248618,Animation
8051714,Drama
2338337,Crime
2433530,Drama
2247061,Drama
2247063,Drama
2040569,Drama
7342418,Drama
5116818,Comedy
11777056,Drama
5032216,Drama
3540420,Drama
5996442,Crime
2173366,Drama
1677686,Fantasy
2970322,Drama
8465094,Comedy
111425,Drama
12832150,Drama
344464,Adventure
1116846,Action
6173054,Crime
1896849,Comedy
7122896,Crime
13534806,Drama
314789,Drama
2669718,Comedy
780164,Action
4786028,Drama
86453,Drama
1116847,Action
2418328,Comedy
12438950,Drama
1877814,Comedy
7246872,Comedy
318137,Adventure
5838520,Drama
382344,Drama
11771310,Drama
10786684,Comedy
123304,Drama
1914389,Drama
9037404,Adventure
1933669,Crime
4242702,Adventure
293661,Adventure
67869,Drama
2268629,War
3839906,Drama
5101886,Drama
1600756,Action
2575290,Crime
11564452,Drama
7894866,Action
344497,Drama
318147,Drama
6220974,Drama
2638018,Drama
6217816,Drama
6826434,Drama
4273292,Drama
12233592,Drama
5644794,Drama
6495522,Drama
4253492,Drama
11122430,Drama
2820908,Drama
354378,Documentary
3667338,Drama
1431342,Drama
841186,Drama
845542,Crime
1497629,Drama
419243,Thriller
498261,Drama
386843,Drama
5559494,Drama
6254238,Adventure
334595,Adventure
5695764,Drama
415349,Drama
1113831,Drama
951341,Action
320719,Drama
6213880,Drama
965236,Action
1985266,Comedy
7033284,Drama
5860270,Drama
6224750,Drama
5881460,Drama
8748698,Drama
11238648,Comedy
7563942,Comedy
7188250,Comedy
11507134,Drama
2349630,Comedy
10004396,Drama
5700926,Drama
3131732,Sport
8442002,Adventure
9591766,Adventure
7203412,Comedy
8144694,Drama
6580302,Crime
1814951,Comedy
13075418,Comedy
8147158,Comedy
11242700,War
2111490,Drama
5783472,Adventure
4971830,Drama
9834492,Drama
1102365,Action
4190256,Action
2465620,Drama
1846445,Comedy
6051940,Comedy
1112771,Adventure
70938,Drama
4258446,Drama
9690444,Drama
439889,Drama
953659,Comedy
407334,Crime
2229056,Drama
6290600,Drama
1924454,Comedy
432458,Adventure
6211506,Drama
279998,Drama
3476544,Drama
2294955,Drama
470612,Drama
470966,Drama
1521858,Drama
283155,Drama
2258513,Drama
3718222,Drama
1856770,Drama
793607,Family
7228134,Drama
793608,Action
7525160,War
293716,Drama
6416858,Drama
495777,Adventure
1431347,Drama
5380232,Biography
10488912,Comedy
417287,Horror
1106891,Action
889236,Drama
1155769,Drama
1874824,Drama
259072,Drama
417288,Crime
961170,Drama
6479294,Comedy
484904,Drama
1498887,Drama
7620732,Comedy
122326,Comedy
1433857,Drama
7696006,Comedy
12862960,Drama
90364,Comedy
417289,Drama
293717,Action
5940882,Comedy
320787,Adventure
96498,Comedy
2489408,Comedy
499166,Drama
332834,Drama
320788,Drama
11591516,Action
383725,Comedy
105888,Adventure
2334034,Drama
11768018,Action
2575948,Drama
344596,Action
2154780,Drama
2691540,Drama
111844,Drama
2363523,Comedy
1139144,Comedy
